ID,WKT
1,"POINT(-164.050008 -20.950216)"
2,"POINT(-122.619093 29.010024)"
3,"POINT(-49.618140 -35.479218)"
4,"POINT(102.605275 -47.407504)"
5,"POINT(65.332655 11.095072)"
6,"POINT(-136.450903 47.590300)"
7,"POINT(-61.762500 66.187541)"
8,"POINT(-130.799388 -11.745215)"
9,"POINT(-30.975509 -74.942932)"
